,feature,score,p_value
6,Issue Date,212279.61708721324,0.0
3,POLICY STATUS,28820.5190363085,0.0
1,POLICY TYPE 3,4095.632968467115,0.0
2,PAYMENT MODE,403.0806731576096,6.006970100274794e-86
5,Full Benefit?,122.21414128597515,1.7975354339163582e-25
0,SEX,33.35686301275442,1.0094689385542495e-06
4,NON LAPSE GUARANTEED,4.959310961965152,0.2914979832283578
